0,1,2,3,4,5,6,7,8,9,10,11,12,13,14,15,16,17,18,19,20,21,22,23,24,25,26,27,28,29,30,31,32,33,34,35,36,37,38,39,40,41,42,43,44,45,46,47,48,49,50,51,52,53,54,55,56
1,Kadın,30-50,10+,1.0,Üniversite,Hayır,Evli,Türkiye'de Kalmak,Türkiye,3,4,3,4,4.0,5.0,1.0,4,4.0,4.0,3.0,3.0,3,4,3.0,2.0,3,3,3.0,yok,güven-okumak-ekmek parası çıkarabılmek,hayatın  ve geçinmenin zorluğu ,yok,inşallah iyi,okumaya devam edememek ,iyi,ozguven -yolumu devam etmek,suriyelere karşı olan zorlayıcı kanunları kaldırmak,ış ımkanları bulmak ve okuma imkanları,yok,hayat zorluklara karşı iyi yonetimi,yok. turkler ve araplar kardeştir,elbette bız muslimanız sonuçta,dil oğrenme zor,yok tam tersi güveni bulduk,turkler ve suryelıler arasında sevgı,yok,3.0,4.0,3.0,1.0,4.0,4.0,5.0,5.0,3.0,3.0
2,Kadın,30-50,5-10,4.0,İlkokul,Hayır,Evli,Türkiye'de Kalmak,Türkiye,5,5,4,5,4.0,5.0,1.0,4,5.0,5.0,5.0,3.0,5,5,5.0,5.0,5,5,,dil ve yaşam zor olması,eğtim ve çocuklara bakmak,yok,konuşmakta ve dilde zorluluklar,guzel,umarız başarılı olur,maaşların yukselmesi,bir şey değişmedi,madi durumlar,geçimin daha iyiy olması,yok,yok,bir şey hissetmedim,komşumla aram iyi,sorun yok,hırsızların çok olması,çoğu zaman guzel,yok,2.0,1.0,1.0,3.0,1.0,1.0,3.0,1.0,5.0,5.0
3,Kadın,30-50,5-10,3.0,İlkokul,Hayır,Evli,Türkiye'de Kalmak,Avrupa Ülkesi,5,5,5,3,3.0,5.0,3.0,3,3.0,3.0,5.0,3.0,5,3,3.0,4.0,2,5,3.0,biraz ırkçılık,ilim ,yok,dil,iyi,vatandaşlık  verilmemesi,daha fazla şanslar tanılması,ilim-emek-disiplin,turk dili oğrenimi,guneşli ev,suryelere turk kanun anlatılması,emek vermek,teknoloji,kucuk işletme deneyimi,ilgilenmemek,biraz ırçılık ,eğtim,geride olmamızın bakışı,3.0,3.0,3.0,3.0,3.0,3.0,3.0,3.0,3.0,3.0
4,Kadın,15-30,5-10,5.0,Lise,Hayır,Evli,Türkiye'de Kalmak,Türkiye,3,3,4,3,4.0,4.0,1.0,3,4.0,4.0,5.0,4.0,5,4,3.0,3.0,4,4,4.0,dil ve yaşam zor olması,ekmek parası teimin etmek,bilmem,dil,işçi,ırçılıktan korkmak,yok,kuralları uymak-disiplinli olmak,yaşamın daha iyi olması,kendi işim- vatandaşlık -eğtim,yok,sabırdan başka yok,her şeyde,evet,bilmem,çocuklaraıma korkmak,guven ve hayatın daha iyi olması,bilmiyorum,4.0,3.0,5.0,3.0,2.0,1.0,5.0,3.0,3.0,2.0
5,Erkek,30-50,5-10,1.0,Lise,Evet,Evli,Türkiye'de Kalmak,Türkiye,5,5,5,5,5.0,5.0,5.0,5,5.0,5.0,5.0,5.0,5,5,5.0,5.0,5,5,5.0,hareket özgurluğu,özgurluk ve dimokrosi,yok,yok,çok iyi,yok,yok,sakin olmak - sabırlı olmak,çok,vatandışlık,yok,yok,yok,evet,yok,,,yok,1.0,1.0,1.0,1.0,1.0,1.0,1.0,1.0,1.0,1.0
6,Kadın,30-50,,3.0,İlkokul,Hayır,Evli,Türkiye'den Gitmek,Avrupa Ülkesi,5,5,5,3,3.0,5.0,2.0,3,,5.0,3.0,4.0,4,4,1.0,4.0,3,4,1.0,geçim kaynağı temin etmek,guvenli ulke,surıyelerın kaderlerini kalmakta ve gitmelte belli olmaması,iletşim kısıtlı ve sadece komşularla,turkyeye teşekurler,uni.okumaya devam edememek,bilmem,sonucumuz nedir,bilmem,dili oğrenmek,kocamı yurtdışı edilmesi gibi cevap bulamadım,sabır ve dua,yok,evet,dil- cocuklara okulda iyi davranılmaması,,,,3.0,4.0,3.0,3.0,4.0,3.0,2.0,3.0,2.0,3.0
7,Kadın,30-50,0-2,4.0,Lise,Hayır,Evli,Türkiye'de Kalmak,Türkiye,5,5,4,3,4.0,5.0,2.0,4,4.0,4.0,4.0,3.0,4,4,4.0,4.0,3,5,4.0,dili ogrenmekte zor,her turlu  imkan var,ekonomi ve ırkçılık sorunları,,,uni.okumaya devam edememek,,,,dili oğrenmek,,,,,,,,bizim surekli maaş vr yardım aldığımız duşuncesi,3.0,3.0,1.0,1.0,1.0,1.0,2.0,1.0,1.0,1.0
8,Erkek,30-50,5-10,2.0,Üniversite,Evet,Evli,Türkiye'de Kalmak,Türkiye,4,4,3,4,3.0,4.0,3.0,5,4.0,4.0,4.0,2.0,4,4,4.0,4.0,3,4,5.0,ekonomik durum,guvenli ulke,geçinmenin zorluğu,baazı yanlış duşunceler var,yerleşirsek iyi olur gibi,yok,maaşların yukselmesi,yuksek stres,yerleşmek ve dusunceleri duzeltmek,yerleşmek,durumu iyi bir sekilde anlatmak,denemye devam etmek,,evet,dil oğrenme zor,suryeye donme korkusu,turk arkadas edinmek,ulkemizi bırakıp ve savaştan kaçtıüımızın duşuncesi,3.0,3.0,3.0,4.0,3.0,4.0,2.0,3.0,2.0,3.0
9,Erkek,30-50,5-10,3.0,Lise,Evet,Evli,Türkiye'de Kalmak,Avrupa Ülkesi,5,5,5,3,3.0,4.0,3.0,3,3.0,3.0,5.0,3.0,5,3,3.0,4.0,2,5,3.0,biraz ırkçılık,ilim,yok,dil,iyi,vatandaşlık verilmemesi,daha fazla şanslar tanılması,kuralları uymak-disiplinli olmak,yaşamın daha iyi olması,guneşli ev,suryelere turk kanun anlatılması,emek vermek,teknoloji,kucuk işletme deneyimi,ilgilenmemek,biraz ırçılık,eğtim,geride olmamızın bakışı,3.0,3.0,3.0,3.0,3.0,3.0,3.0,3.0,3.0,3.0
10,Kadın,15-30,5-10,3.0,Lise,Hayır,Evli,Türkiye'de Kalmak,,5,5,4,3,5.0,4.0,2.0,5,5.0,5.0,4.0,4.0,5,5,2.0,4.0,4,5,5.0,yaşıyabilmek- ayak uydurabilmek,iş imkanları-guven- sistem,pahalılık- surkli artan temel ihtiyaçların fiyatını karşılamamak,ıkametgah belgenın surekli yeni kuraların çıkması,iyi,çocuklarımın eğtimsiz kalması,herkeze çalışma imkanı tanımak,guven-huzur,yok ,çocuklarımın eğtim almaları,çocuklarım turkiyede doğduğu için ikametgahı yok,ihtiyaçları bile kısıtl bir şekilde almak,yok,evet,yok,yurtdışı edinme korkusu,turkler tarafından kurulan empati,turklerin bizi sevmediklerini ama aslında tam tersi,3.0,1.0,1.0,1.0,3.0,3.0,5.0,5.0,1.0,1.0
11,Kadın,30-50,5-10,2.0,Üniversite,Hayır,Evli,Türkiye'de Kalmak,Türkiye,5,3,5,3,4.0,,2.0,5,3.0,4.0,3.0,4.0,5,5,,1.0,1,5,1.0,yok,guvenli ulke,ev bulmanın çok zor olması,dil,iyi,gelecek yok çunku her an bizi yurtdışı rdrbılırler,iş ortamı geliştirmek - çalışma saatlerş azaltmak,guvende hisetmek,turk halkının kulturunu tanımak ve ayak uydurmaya çalışmak,kiralanabilcek iyi bir ev bulmak,goç dairenin gorevlilerini çok usten davranmaları,normal yaşamak,,evet iyi komuşumuz vardı,dil oğrenme zor,yurtdışı edinme korkusu,turkiyede yaşama hakkı tanılsa,biz iyi insan deüiliz duluncesı,1.0,5.0,5.0,5.0,5.0,5.0,1.0,5.0,1.0,5.0
12,Kadın,30-50,5-10,3.0,Lise,Hayır,Evli,Türkiye'den Gitmek,Türkiye,5,5,5,3,3.0,5.0,2.0,5,3.0,3.0,5.0,3.0,5,5,5.0,5.0,3,5,3.0,zorla yurdışı edilmem,guvenli ulke,dilden kaynaklı sorunlar,bos,yurtdışı edilme korkusundan dolayı kotu,iyi nir hayat elde edilmemeye,,,dili ogrenmek- kuralları ve kanunları uymak,,,sorun çıkarmamak,halkı tanımak,evet,dil,yurtdışı edinme korkusu,guvende hıstemek,,1.0,1.0,1.0,,,1.0,1.0,3.0,1.0,5.0
13,Kadın,30-50,5-10,4.0,,Hayır,Evli,Türkiye'de Kalmak,,5,5,5,5,,5.0,1.0,5,5.0,5.0,5.0,3.0,5,5,3.0,,1,2,1.0,,yaşamda istikrar,uyum sağlamamk,dil,keşke daha iyi olsa,eğtim almamak,idare aeder,savaştan sonra guven duygusu,eşitlik ve sevgi,istıkrar ve guven,yok,goz onununde bulundurmamak,dil,iyi komuşumuz var ,,çocuklaraıma korkmak,devlet daırelerinde hizmetler,dil sorunları,1.0,3.0,1.0,,1.0,1.0,5.0,3.0,5.0,1.0
14,Erkek,30-50,5-10,3.0,İlkokul,Evet,Evli,Türkiye'de Kalmak,Türkiye,3,3,3,3,3.0,5.0,1.0,3,5.0,4.0,3.0,3.0,5,5,3.0,5.0,3,5,3.0,dil,ekmek parası temin etmek,yok,uyum sağlayamamak,normal,çocuklarımın eğtimsiz kalmamalrı için elimden geleni yapıyorum ama ırkçılı duruma ugramaktan korkuyoruz,yok,kuralları uymak-,dili oğrenmek icin kurslar,guven - para,yok,evde kalmak,yok,evet,yok,korku,cok var,yok,3.0,4.0,1.0,5.0,3.0,1.0,5.0,4.0,3.0,3.0
15,Erkek,30-50,5-10,2.0,İlkokul,Evet,Evli,Türkiye'de Kalmak,Türkiye,5,5,5,5,5.0,5.0,2.0,5,4.0,4.0,4.0,2.0,4,4,4.0,4.0,4,4,3.0,,ihtiyaç duyduğumuz her şeyi bulmak,,,,eğitimlerinin devam etmemesi,,,,,,,,,,,,,1.0,1.0,1.0,1.0,1.0,1.0,1.0,1.0,1.0,1.0
16,Erkek,30-50,0-2,5.0,Okula Gitmedim,Hayır,Evli,Türkiye'de Kalmak,Türkiye,4,3,3,4,5.0,5.0,1.0,4,4.0,3.0,3.0,4.0,3,4,2.0,4.0,4,3,3.0,yok,güven okumak ekmek parası elde edebilmek,hayat ve geçinmenin zor olması,yok,aydınlık gelecek,çocuğumun eğitime devam edememesi,iyi bir iş fırsatı,özgüven ileriye gitmeye devam etmek,suriyeler hakkında zorlayıcı kanunları kaldırmak,çalışmak ve çocuklarımı iyi bir şekilde okutturmak,zorlayıcı kuralların değişmesi umuduyla,hayat zorluklarına karşı iyi bir şekilde yönetmek,türkler ve araplar kardeştir,elbette biz müslümanız sonuçta,dil öğrenmekte zorluklar,tam tersi güveni ve huzuru bulduk,suriyeler ile türkler arasındaki sevgi,yok,1.0,1.0,2.0,1.0,4.0,1.0,3.0,3.0,3.0,3.0
17,Kadın,30-50,5-10,4.0,İlkokul,Hayır,Evli,Türkiye'de Kalmak,Türkiye,5,5,4,5,4.0,5.0,2.0,4,5.0,5.0,5.0,3.0,5,5,5.0,5.0,5,5,,geçinmekte ve dil öğrenmekte zorluklar,çocuklarımla ilgilenmek eğitimiyle ilgilenmek,yok,sadece dilde zorluk çekiyorum,inşallah daha iyidir,umarım başarılı bir gelecek olur,işlerin maaşlarının yükselmesi,net bir şey yok,maddi durumlar,maddi durumların düzelmesi,sorun yok,yok,hissetmedim,komşular ve öğretmenler tarafından davranışlar çok iyi,dilin çok zor olmasından başka bir sorun yok,hırsızların artması,olayların çoğunluğu güzel,yok,2.0,1.0,1.0,3.0,1.0,1.0,3.0,1.0,5.0,5.0
18,Erkek,30-50,10+,4.0,Lise,Evet,Evli,Türkiye'de Kalmak,Türkiye,5,5,5,3,1.0,,1.0,5,3.0,5.0,5.0,3.0,4,4,5.0,5.0,1,1,1.0,bazen ırkçılık,savaştan daha güvenli,geçinmekte çok pahalılık,dil,umarız iyi olur,çocuklarımın yükseklisansa kadar iyi bir eğitim alabilmeleri,elhamdüliiah,elhamdülilah barış içinde yaşıyoruz,türk halkıyla kardeşçe kaynaşmak,istikrar ve adaletin yerini bulması,zor bir şey yok,türk halkıyla kaynaşmak ve kardeş bağı kurmak,bazen ırkçılık durumlarına uğruyoruz,evet komşularla aramız iyi ,bazen dil,ırkçılık,devlet dairelerinde işlerin daha kolay bir şekilde yürümesi,engel olan dilidir ve dilin telaffuzu,1.0,1.0,1.0,1.0,1.0,1.0,5.0,3.0,3.0,5.0
19,Kadın,30-50,10+,4.0,Okula Gitmedim,Hayır,Evli,Türkiye'de Kalmak,Türkiye,5,5,1,5,3.0,1.0,1.0,1,1.0,1.0,1.0,1.0,1,1,5.0,5.0,5,5,1.0,davranışlar,iyi güzel,iyi ,davranışlar,iyi,yok,iyi ,türkiyede daha iyi suriyede korku var,davranışları iyi olsun zaten kardeş gibi oluruz,sağlık ve oğlum hasta olmasın,sıkıntı yok,biz yabancı yok ,birliktelik olsun,evet var,iyi,davranışları kötü olanlar,bizim burada olmamız,bizi sevmiyorlar kötü davranıyorlar algısı,5.0,2.0,1.0,1.0,1.0,1.0,1.0,1.0,1.0,1.0
20,Erkek,10-15,5-10,4.0,İlkokul,Hayır,Bekar,Türkiye'de Kalmak,Türkiye,3,2,1,2,2.0,3.0,1.0,5,5.0,5.0,1.0,5.0,5,5,1.0,5.0,5,5,5.0,,güvenme,güzel ,,iyi,"iyi ,alışırım",iyi,türkiyede daha iyi suriyede korku var,davranışları iyi olsun zaten kardeş gibi oluruz,sağlık ve oğlum hasta olmasın,sıkıntı yok,biz yabancı yok ,birliktelik olsun,evet var,iyi,davranışları kötü olanlar,bizim burada olmamız,bizi sevmiyorlar kötü davranıyorlar algısı,5.0,5.0,5.0,1.0,1.0,1.0,1.0,1.0,1.0,1.0
21,Kadın,50+,5-10,3.0,İlkokul,Evet,Dul,Türkiye'de Kalmak,Türkiye,3,2,2,2,3.0,2.0,4.0,2,1.0,2.0,3.0,3.0,2,2,2.0,3.0,2,2,2.0,dil,iş,zorbalık,ikametgah,inşallah daha iyi olur,oğlumun okuması için elimden geleni yapıyorum,gitmek istemiyorum,iş ortamında kaynaşmak,dil,mesken ,yok,dil öğrenmek ,zorbalık,iyiler,ırkçılık,yurdışı edilmekten korkuyorum,iyiler,çocuklara karşı zorbalık,3.0,2.0,2.0,4.0,2.0,2.0,2.0,3.0,4.0,2.0
22,Kadın,30-50,10+,3.0,İlkokul,Hayır,Evli,Türkiye'de Kalmak,Türkiye,5,5,5,3,4.0,5.0,2.0,5,4.0,4.0,4.0,3.0,4,5,4.0,3.0,2,3,3.0,ihtiyaçları karşılamakta ve geçinemekte zorluklar,güvenli olması,kiraların ve fiyatların pahalı olması,türk dili öğreniminin zor olması,iyi,ırkçılık,iyi,inşaat alanında gelişim katetmek,eğitim ve kaynaşmak,evin babası var olması,sıkıntı yok,yardım cemiyetlerine başvuruyorum,yok,evet,arapçada eğitim yok,zorla geri dönüş,hizmetler,örf ve adetler,4.0,4.0,5.0,3.0,5.0,5.0,4.0,4.0,4.0,5.0
23,Kadın,50+,10+,2.0,Lise,Hayır,Dul,Türkiye'den Gitmek,Avrupa Ülkesi,4,3,3,3,4.0,3.0,4.0,5,4.0,2.0,2.0,1.0,4,2,1.0,3.0,3,3,3.0,fiyatların pahalı olması,yaşam koşullarının zor olması,bilmiyorum,bilmiyorum,gelecek yok,gelecek yok,çalışma saatleri çok uzun,huzur ve güven ,bilmiyorum,maddi yardım veya market kartları ,çok zor,iş,bilmiyorum,evet,zor,fiyatların ve kiraların çok yüksek olmsı,bilmiyorum,bilmiyorum,3.0,3.0,3.0,3.0,,5.0,3.0,5.0,3.0,5.0
24,Erkek,15-30,5-10,4.0,Okula Gitmedim,Evet,Bekar,Türkiye'de Kalmak,Türkiye,3,2,1,2,2.0,1.0,5.0,5,5.0,5.0,1.0,5.0,5,5,1.0,5.0,5,1,5.0,davranışlar,iyi güzel,iyi ,davranışlar,iyi,yok,iyi ,türkiyede daha iyi suriyede korku var,davranışları iyi olsun zaten kardeş gibi oluruz,sağlık ve oğlum hasta olmasın,sıkıntı yok,biz yabancı yok ,birliktelik olsun,evet var,iyi,davranışları kötü olanlar,bizim burada olmamız,bizi sevmiyorlar kötü davranıyorlar algısı,5.0,5.0,5.0,1.0,1.0,1.0,1.0,1.0,1.0,1.0
25,Kadın,50+,5-10,4.0,Okula Gitmedim,Hayır,Dul,Türkiye'de Kalmak,Türkiye,3,2,1,2,2.0,1.0,5.0,5,5.0,5.0,1.0,5.0,5,5,1.0,5.0,5,5,5.0,davranışlar,iyi güzel,iyi ,davranışlar,iyi,yok,iyi ,türkiyede daha iyi suriyede korku var,davranışları iyi olsun zaten kardeş gibi oluruz,sağlık ve oğlum hasta olmasın,sıkıntı yok,biz yabancı yok ,birliktelik olsun,evet var,iyi,davranışları kötü olanlar,bizim burada olmamız,bizi sevmiyorlar kötü davranıyorlar algısı,5.0,5.0,5.0,1.0,1.0,1.0,1.0,1.0,1.0,1.0
26,Kadın,30-50,5-10,4.0,Okula Gitmedim,Hayır,Evli,Türkiye'de Kalmak,Türkiye,3,2,1,2,2.0,3.0,1.0,5,5.0,5.0,5.0,1.0,5,5,5.0,1.0,5,5,5.0,davranışlar,iyi güzel,iyi ,davranışlar,iyi,yok,iyi ,türkiyede daha iyi suriyede korku var,davranışları iyi olsun zaten kardeş gibi oluruz,sağlık ve oğlum hasta olmasın,sıkıntı yok,biz yabancı yok ,birliktelik olsun,evet var,iyi,davranışları kötü olanlar,bizim burada olmamız,bizi sevmiyorlar kötü davranıyorlar algısı,5.0,5.0,5.0,1.0,1.0,1.0,1.0,1.0,1.0,1.0
27,Kadın,10-15,5-10,2.0,Lise,Hayır,Bekar,Türkiye'de Kalmak,Türkiye,3,2,1,2,2.0,3.0,1.0,5,5.0,5.0,5.0,5.0,1,5,1.0,5.0,5,5,5.0,davranışlar,iyi güzel,iyi ,davranışlar,iyi,yok,iyi ,türkiyede daha iyi suriyede korku var,davranışları iyi olsun zaten kardeş gibi oluruz,sağlık ve oğlum hasta olmasın,sıkıntı yok,biz yabancı yok ,birliktelik olsun,evet var,iyi,davranışları kötü olanlar,bizim burada olmamız,bizi sevmiyorlar kötü davranıyorlar algısı,5.0,5.0,5.0,1.0,1.0,1.0,1.0,1.0,1.0,1.0
28,Kadın,10-15,5-10,2.0,Lise,Hayır,Bekar,Türkiye'de Kalmak,Türkiye,3,2,1,2,2.0,1.0,5.0,5,5.0,5.0,1.0,5.0,5,5,1.0,5.0,5,5,5.0,davranışlar,iyi güzel,iyi ,davranışlar,iyi,yok,iyi ,türkiyede daha iyi suriyede korku var,davranışları iyi olsun zaten kardeş gibi oluruz,sağlık ve oğlum hasta olmasın,sıkıntı yok,biz yabancı yok ,birliktelik olsun,evet var,iyi,davranışları kötü olanlar,bizim burada olmamız,bizi sevmiyorlar kötü davranıyorlar algısı,5.0,5.0,5.0,1.0,1.0,1.0,1.0,1.0,1.0,1.0
29,Erkek,10-15,5-10,4.0,Okula Gitmedim,Hayır,Bekar,Türkiye'de Kalmak,Türkiye,3,2,1,2,2.0,3.0,1.0,5,5.0,5.0,5.0,5.0,1,5,1.0,5.0,1,5,5.0,davranışlar,iyi güzel,iyi ,davranışlar,iyi,yok,iyi ,türkiyede daha iyi suriyede korku var,davranışları iyi olsun zaten kardeş gibi oluruz,sağlık ve oğlum hasta olmasın,sıkıntı yok,biz yabancı yok ,birliktelik olsun,evet var,iyi,davranışları kötü olanlar,bizim burada olmamız,bizi sevmiyorlar kötü davranıyorlar algısı,5.0,5.0,5.0,1.0,1.0,1.0,1.0,1.0,1.0,1.0
30,Kadın,15-30,5-10,5.0,Lise,Hayır,Evli,Türkiye'de Kalmak,Türkiye,3,5,4,3,5.0,3.0,3.0,5,3.0,4.0,4.0,2.0,4,3,2.0,3.0,3,4,5.0,bazıları suriyelileri kabul etmiyor,güven,dil sorunu,yok,elhamdüliiah iyi ,ilerlemeye devam inşallah,işin uzak olması,insanın kendi işini kendisi yapması,evlerin pahalı olması,sevgi ve merhamete,yok,dil,gelişme,yok,çocukların eğitim zorlukları,yurtdışı edinme korkusu,çocukların eğitim alması,bazı suriyelileri sevmiyor,4.0,3.0,4.0,2.0,4.0,3.0,2.0,4.0,3.0,5.0
31,Kadın,30-50,,5.0,Üniversite,Hayır,Evli,Türkiye'den Gitmek,Avrupa Ülkesi,3,2,3,5,5.0,5.0,1.0,3,4.0,4.0,1.0,1.0,5,5,3.0,1.0,5,3,1.0,ırkçılık,türkiyede savaş yok,sürekli artan pahalılık ve ırkçılık,suriyeliler ve türkler arasında ayrımcılık,pahalılıktan dolayı türkiyede gelecek görmüyorum,okumalara devam etmeleri,iş ortamında suriyellere karşı ciddi bir ırkçılık var,artık savaştan korkmuyorum,suriyelilere vatandaşlık verilmesi,para ve mesken,ırkçılık,sabır,ırkçılık,evet iyi türkler var,üniversiteye gitmek çok fazla para ister,yurdışı edinme korkusu,huzur ve güven ,sosyal medyada suriyelileri kötülemenin sonucunda tüm suriyelilerin etkilenmesi,4.0,1.0,4.0,3.0,2.0,3.0,3.0,2.0,1.0,3.0
32,Erkek,15-30,10+,4.0,İlkokul,Evet,Evli,Türkiye'de Kalmak,Türkiye,4,5,5,3,3.0,4.0,2.0,3,3.0,4.0,4.0,3.0,4,4,4.0,3.0,2,3,4.0,ırkçılık,iş fırsatı,en önemlisi ırkçılık,geçimin zor olması,iyi,iş sahibi olabilmek,iyi,sürekli çocukların geleceğini düşünmek,suriyeli topluma çok kötü bir bakışla bakılmaması,çocuklarımın geleceği,dilde zorluklar,ilgilenmiyorum,davranışlarda iyiler,evet çalışmakta,,ırkçılık,aile ile piknik,kötü zannediyorlar,3.0,3.0,4.0,4.0,3.0,2.0,5.0,4.0,3.0,4.0
33,Kadın,50+,5-10,5.0,Okula Gitmedim,Hayır,Evli,Türkiye'de Kalmak,Türkiye,4,3,5,4,3.0,5.0,3.0,4,4.0,3.0,4.0,2.0,4,4,3.0,4.0,2,4,4.0,ulaşım ve hastaneler,türklerin yardım sever olması,ırkçılık,geçimin zor olması,zayıf,ırkçılık,iyi,korkmamak güvenli hissetmek,iyi ,okumak,cevap vermemek,dil öğrenemk,piknik,evet çünkü dil bilmiyorum,bilmiyorum,birazcık ırkçılık,türkiyede güzel tabiat manzaraları,biz hepimizin kötü olduğu halbuki biz kötü değiliz,3.0,2.0,4.0,4.0,3.0,3.0,4.0,4.0,4.0,4.0
34,Kadın,15-30,10+,2.0,Lise,Hayır,Evli,Türkiye'de Kalmak,Türkiye,4,5,5,4,3.0,5.0,2.0,3,3.0,4.0,4.0,4.0,2,4,3.0,2.0,3,4,3.0,ulaşım ve tedavi görmek,sevgi ve güven,ırkçılık,geçimin zor olması ve kiralar faturalar,iyi,ırkçılıktan korktuğum için okumak,iyi,dili ve işi öğrenmek,kötü düşünmemek,vatandaşlık,yok,özgüven,vatandaşlarla iletişime geçmek,evet ama önce dil öğretmek,çok iyi ,kızımın okulda uğradığı ırkçılık,çocuklarımı pikniğe götürmek,herkesin kötü olduğunu sanmak,4.0,3.0,2.0,4.0,3.0,4.0,3.0,4.0,2.0,5.0
35,Erkek,50+,5-10,4.0,İlkokul,Hayır,Evli,Türkiye'den Gitmek,Türkiye,4,5,5,3,3.0,5.0,1.0,5,3.0,,3.0,3.0,3,4,3.0,2.0,3,3,3.0,ırkçılık,iş fırsatı,en önemlisi ırkçılık,geçimin zor olması,iyi,iş sahibi olabilmek,iyi,sürekli çocukların geleceğini düşünmek,suriyeli topluma çok kötü bir bakışla bakılmaması,çocuklarımın geleceği,dilde zorluklar,ilgilenmiyorum,davranışlarda iyiler,evet çalışmakta,,ırkçılık,aile ile piknik,kötü zannediyorlar,3.0,3.0,3.0,2.0,3.0,3.0,2.0,3.0,2.0,3.0
36,Erkek,30-50,10+,2.0,Lise,Hayır,Evli,Türkiye'de Kalmak,Türkiye,5,5,5,5,4.0,5.0,3.0,5,5.0,4.0,5.0,1.0,4,5,3.0,5.0,3,4,4.0,sorun yok sadece ev kiraları çok yüksek,çok şükür çocuklarım için burada savaş yok,ev kiraları her ay artıyor bundan işkence çekiyorum,soruyu anlamadım,elhamdülillah,sadece eğitim,çocuklarımın eğitime devam etmeleri,türkçe öğrenmek,yok,sadece iyi bir yaşam,sorun yok elhamdüliiah, sadece ev kiraları,yok ,evet,elhamdülillah yaşamadım,türkiyede güvende hissediyorum,ev bulmakta çok zorlanıyorum,soruyu anlamadım,4.0,2.0,3.0,4.0,4.0,2.0,4.0,4.0,4.0,4.0
37,Erkek,30-50,10+,2.0,Lise,Hayır,Evli,Türkiye'de Kalmak,Türkiye,5,5,5,5,4.0,5.0,3.0,5,5.0,4.0,5.0,1.0,4,5,3.0,5.0,3,4,4.0,,,,,,,,,,,,,,,,,,,3.0,2.0,3.0,4.0,4.0,2.0,4.0,4.0,4.0,4.0
1,Erkek,10-15,5-10,5.0,Lise,Hayır,Bekar,Türkiye'de Kalmak,Avrupa Ülkesi,5,5,5,4,3.0,3.0,4.0,4,3.0,3.0,3.0,5.0,4,3,3.0,3.0,2,5,3.0,Zorluk yaşamıyorum.,Türkçeyi öğrenme.,Hiçbir şey.,Top oynama fırsatı isterim. ,Bilmiyorum.,Bilmiyorum.,Biraz zor. ,Karakterim değişti.,Bilmem. ,Hiçbir şeye.,Hiçbir sorunla karşılaşmıyorum.,,İlk okulda bazı sorunlar vardı şimdi yok.,Oldu.,Bilmiyorum.,Hiçbir şey.,Arkadaş kurma.,Bazen olumsuz şeyler olur bazen de olumlu.,3.0,2.0,3.0,1.0,2.0,1.0,2.0,2.0,3.0,3.0
2,Kadın,10-15,5-10,5.0,İlkokul,Hayır,Bekar,Türkiye'de Kalmak,Türkiye,5,5,4,5,4.0,5.0,3.0,5,4.0,4.0,3.0,1.0,4,5,3.0,3.0,5,5,4.0,Biraz.,Eğitimi ilerletebilmek.,"Akraba özlemi, onlarla sık sık konuşarak başa .ıkıyorum.",Pek anlamadım.,Eğitimimi tamamlamış ve istediğim mesleği almış.,Belki ekonomiden dolayı sıkıntı olabilir.,İyi bence. ,Daha aktif ve mutluyum.,Başka şehirlere gidebilmek.,Mutluyum yok.,İyi ama ihtiyacım olmadı.,Çözüm üretiyorum.,Ayrımcılık hissetmiyorum.,Ayrımcılık yapmaları beni etkiledi.,İlk başta türkçe bilmediğim için dersi anlayamıyordum. Ama şimdi çok iyi anlıyorum.,Yok. Güvendeyim.,Sevdiğim kişilerle istediklerimi yaptım.,Belki bütün yerlere gidemiyorlardır.,1.0,1.0,2.0,3.0,1.0,1.0,2.0,3.0,3.0,1.0
3,Erkek,10-15,5-10,5.0,Lise,Hayır,Bekar,Türkiye'den Gitmek,Avrupa Ülkesi,3,1,5,3,2.0,5.0,2.0,4,3.0,2.0,2.0,3.0,3,4,3.0,2.0,3,4,4.0,Yaşadığım zorluk yok.,Güvendir.,Kötü insanları uzaklaştırmak.,Cevap yok.,İyi bir şey bekliyorum ve çalışmaya gerek olmayan.,Okula devam etmek.,Ben öğrenci olduğum için ne düşünüyorsam yapmaya çalışıcam.,Şu anda iyi geçiyor ve yeniden birleşme bekliyorum.,Sadece arkadaşlarımın iyi olmasını istiyorum ama Türk olmasın.,Hiçbir şey.,Yok bir şey.,Bunu aşmaya çalışıyorum,Zorbalık yok.,Sadece okulda.,,Rahatsızlık.,Çalışma yok. ,Cevap yok.,3.0,3.0,2.0,5.0,4.0,1.0,5.0,4.0,3.0,3.0
4,Kadın,10-15,10+,5.0,Lise,Hayır,Bekar,Türkiye'de Kalmak,Türkiye,5,4,1,4,4.0,5.0,4.0,3,4.0,4.0,1.0,5.0,5,5,2.0,3.0,5,5,2.0,Sürekli dalga geçmeleri.,Eğitim fırsatı var.,Umursamıyorum.,,Orta.,Umutlarım iyi. Öğrenip büyüyecekler.,İyi.,Çalışkan olmam.,Suriyelileri sürekli küçük düşürmesinler.,Para.,,"Umursamıyorum, alıştım.",Sınıfın tamamına bir iş verilirken aralarında olmamam.,Evet oldu.,Benim yok.,Bir anda Suriye'ye yollanmak ve okulu bırakmak.,Yeni dil öğrendim.,Herkes bizi istemiyor. ,3.0,3.0,3.0,3.0,2.0,1.0,1.0,3.0,3.0,1.0
5,Kadın,30-50,10+,1.0,İlkokul,Evet,Dul,Türkiye'den Gitmek,Avrupa Ülkesi,3,3,3,3,2.0,2.0,2.0,2,3.0,2.0,2.0,2.0,3,3,1.0,2.0,2,3,1.0,Aşırı yüksek fiyatlar. ,Güven ve huzur vardı.,Irkçılıktan uzak durmak.,Dili bilmemek.,Gelecek bir şey yok.,Türkiye'den sınır dışı edilme.,Çalışma saatlerinin azaltılması,Can sıkıntısı.,Gelenek ve göreneklerin bilinmesi.,Mali durumun iyileştirilmesi.,Dili bilmemek.,Kimseye karışmıyorum.,Bana sürekli suriyeli diyorlar.,İlk başta evet vardı.,İlgi eksikliği.,Irkçılık kampanyaları.,Zaman zaman güvenlik.,Yeterli farkındalığın olmaması.,1.0,1.0,3.0,3.0,3.0,3.0,2.0,3.0,1.0,1.0
6,Kadın,15-30,5-10,4.0,Lise,Hayır,Bekar,Türkiye'den Gitmek,Avrupa Ülkesi,3,2,3,4,4.0,5.0,1.0,2,3.0,3.0,1.0,1.0,4,4,2.0,1.0,4,3,1.0,Türkiye'de çok ırkçılık var.,Türkiye'de savaş yok.,Sürekli yüksek fiyatlar ve ırkçılık ve biz  bunların üstesinden sabırla geliyoruz.,Suriyeliler ve türkler arasındaki ayrım.,Hayat pahalılığı nedeniyle gelecek yok.,Zorbalık ve ırkçılık.,Üniversite eğitimimi tamamlama.,Artık korkmuyorum çünkü Türkiye'de savaş yok.,Suriyelilere türk vatandaşlığı vermek.,Para ve ucuz ev kiraları.,Irkçılık.,Sabır.,Bir gün bimdeydim ve kasiyer bana ülkemizde suriyelileri istemiyoruz dedi.,"Evet, Türkiye'de bazı iyi türkler var.",Üniversite eğitimi çok para gerektirir.,Bizi Türkiye'den kovarlar diye korkuyorum.,Psikolojik rahatlık ve güvenlik.,Sosyal  medyada yayılan videolar nedeniyle suriyeliler hakkında yanlış inanışlar.,3.0,1.0,3.0,2.0,2.0,3.0,2.0,2.0,1.0,3.0
7,Kadın,10-15,5-10,3.0,İlkokul,Hayır,Bekar,Türkiye'den Gitmek,Avrupa Ülkesi,3,2,3,4,4.0,5.0,1.0,2,3.0,3.0,1.0,1.0,4,4,2.0,1.0,4,3,1.0,Türkiye'de çok ırkçılık var.,Türkiye'de savaş yok.,Sürekli yüksek fiyatlar ve ırkçılık ve biz  bunların üstesinden sabırla geliyoruz.,Suriyeliler ve türkler arasındaki ayrım.,hayat pahalılığı nedeniyle gelecek yok.,zorbalık ve ırkçılık.,üniversite eğitimimi tamamlama.,Artık korkmuyorum çünkü Türkiye'de savaş yok.,Suriyelilere türk vatandaşlığı vermek.,Para ve ucuz ev kiraları.,Irkçılık.,Sabır.,Bir gün bimdeydim ve kasiyer bana ülkemizde suriyelileri istemiyoruz dedi.,"Evet, Türkiye'de bazı iyi türkler var.",Üniversite eğitimi çok para gerektirir.,Bizi Türkiye'den kovarlar diye korkuyorum.,Psikolojik rahatlık ve güvenlik.,Sosyal  medyada yayılan videolar nedeniyle suriyeliler hakkında yanlış inanışlar.,3.0,1.0,3.0,3.0,2.0,3.0,3.0,2.0,1.0,3.0
8,Kadın,15-30,5-10,4.0,Lise,Hayır,Bekar,Türkiye'den Gitmek,Avrupa Ülkesi,3,2,3,4,3.0,5.0,1.0,2,3.0,3.0,1.0,1.0,4,4,3.0,1.0,4,3,1.0,Bazı türkler suriyelilere karşı çok ırkçı.,Türkiye'de savaş yok.,Sürekli yüksek fiyatlar ve ırkçılık ve biz  bunların üstesinden sabırla geliyoruz.,Suriyeliler ve türkler arasındaki ayrım.,hayat pahalılığı nedeniyle gelecek yok.,zorbalık ve ırkçılık.,Üniversite eğitimimi tamamlama.,Artık korkmuyorum çünkü Türkiye'de savaş yok.,Suriyelilere türk vatandaşlığı vermek.,Para ve ucuz ev kiraları.,Irkçılık.,Sabır.,Bir gün bimdeydim ve kasiyer bana ülkemizde suriyelileri istemiyoruz dedi.,"Evet, Türkiye'de bazı iyi türkler var.",Üniversite eğitimi çok para gerektirir.,Bizi Türkiye'den kovarlar diye korkuyorum.,Psikolojik rahatlık ve güvenlik.,Sosyal  medyada yayılan videolar nedeniyle suriyeliler hakkında yanlış inanışlar.,3.0,1.0,3.0,2.0,2.0,3.0,3.0,2.0,1.0,3.0
9,Kadın,15-30,5-10,1.0,Lise,Hayır,Evli,Türkiye'de Kalmak,Türkiye,3,4,3,4,4.0,2.0,2.0,4,2.0,3.0,3.0,1.0,3,2,1.0,2.0,2,3,4.0,Anlama zorluğu.,"Güvenlilik, konfor ve güvence.",Dil zorluğu zor.,Onlarla konuşmak.,Güzel gelecek.,Güzel bir bilimsel gelecek var.,Çalışmaya bağlılık.,Hayatta daha iyiye doğru değişiklik.,Onlarla anlaşmak.,Çocuklara yönelik destek.,Yabancılar için işler daha karmaşık.,Sakin olmak mantıklı.,Okulda ve alışveriş yaparken.,Evet var.,Dil.,Sınır dışı edilmek.,Türkiye'ye giriş süremiz ve güvenliğimiz.,Tüm türklerle başa çıkmanın zor olduğunu düşünüyordum ama inancım yanlıştı.,3.0,2.0,3.0,1.0,3.0,2.0,1.0,3.0,2.0,4.0
10,Kadın,30-50,5-10,1.0,Lise,Hayır,Evli,Türkiye'de Kalmak,Türkiye,4,4,5,5,3.0,2.0,2.0,5,3.0,4.0,2.0,4.0,3,1,3.0,3.0,4,4,5.0,Anlama zorluğu.,"Güvenlilik, konfor ve güvence.",Dil zorluğu zor.,Onlarla konuşmak.,Güzel gelecek.,Güzel bir bilimsel gelecek var.,Çalışmaya bağlılık.,Hayatta daha iyiye doğru değişiklik.,Onlarla anlaşmak.,Çocuklara yönelik destek.,Yabancılar için işler daha karmaşık.,Sakin olmak mantıklı.,Okulda ve alışveriş yaparken.,Evet var.,Dil.,Sınır dışı edilmek.,Türkiye'ye giriş süremiz ve güvenliğimiz.,tüm türklerle başa çıkmanın zor olduğunu düşünüyordum ama inancım yanlıştı.,4.0,3.0,2.0,3.0,3.0,3.0,1.0,3.0,3.0,5.0
11,Kadın,15-30,5-10,1.0,Lise,Hayır,Evli,Türkiye'de Kalmak,Türkiye,3,4,3,4,4.0,2.0,2.0,4,2.0,3.0,3.0,4.0,3,2,1.0,2.0,2,3,4.0,Anlama zorluğu.,"Güvenlilik, konfor ve güvence.",Dil zorluğu zor.,Onlarla konuşmak.,Güzel gelecek.,Güzel bir bilimsel gelecek var.,Çalışmaya bağlılık.,Hayatta daha iyiye doğru değişiklik.,Onlarla anlaşmak.,Çocuklara yönelik destek.,Yabancılar için işler daha karmaşık.,Sakin olmak mantıklı.,Okulda ve alışveriş yaparken.,Evet var.,Dil.,Sınır dışı edilmek.,Türkiye'ye giriş süremiz ve güvenliğimiz.,tüm türklerle başa çıkmanın zor olduğunu düşünüyordum ama inancım yanlıştı.,3.0,2.0,3.0,1.0,3.0,2.0,1.0,3.0,2.0,4.0
12,Erkek,10-15,5-10,5.0,Lise,Hayır,Bekar,Türkiye'de Kalmak,Türkiye,5,5,5,5,5.0,5.0,5.0,5,5.0,5.0,5.0,5.0,5,5,5.0,5.0,5,5,5.0,Çok iyi.,Savaştan kurtulmak.,İyilikle.,,Çok güzel.,Bizleri buradan atma korkusu.,Bir sıkıntı yok.,Türkçe yazmak ve konuşmak.,Suriyeli kardeşlerimizin dışlanmamasını istiyoruz.,Kira yardımına ihtiyaç duyuyorum.,Bizleri dışlamaları.,,,,,,,,1.0,1.0,2.0,1.0,1.0,2.0,3.0,1.0,1.0,3.0
13,Kadın,30-50,5-10,5.0,İlkokul,Hayır,Evli,Türkiye'de Kalmak,Türkiye,5,5,5,5,5.0,5.0,5.0,5,5.0,5.0,5.0,5.0,5,5,5.0,5.0,5,5,5.0,Çok iyi.,Savaştan kurtulmak.,İyilikle.,,Çok güzel.,Bizleri buradan atma korkusu.,Bir sıkıntı yok.,Türkçe yazmak ve konuşmak.,Suriyeli kardeşlerimizin dışlanmamasını istiyoruz.,Kira yardımına ihtiyaç duyuyorum.,Bizleri dışlamaları.,,,,,,,,1.0,1.0,2.0,1.0,1.0,2.0,3.0,1.0,1.0,3.0
14,Erkek,30-50,5-10,5.0,İlkokul,Evet,Evli,Türkiye'de Kalmak,Türkiye,5,5,5,5,5.0,5.0,5.0,5,5.0,5.0,5.0,5.0,5,5,5.0,5.0,5,5,5.0,Çok iyi.,Savaştan kurtulmak.,İyilikle.,,Çok güzel.,Bizleri buradan atma korkusu.,Bir sıkıntı yok.,Türkçe yazmak ve konuşmak.,Suriyeli kardeşlerimizin dışlanmamasını istiyoruz.,Kira yardımına ihtiyaç duyuyorum.,Bizleri dışlamaları.,,,,,,,,1.0,1.0,2.0,1.0,1.0,2.0,3.0,1.0,1.0,3.0
15,Erkek,30-50,10+,4.0,Okula Gitmedim,Evet,Evli,Türkiye'de Kalmak,Türkiye,5,5,5,3,3.0,3.0,5.0,3,3.0,3.0,4.0,3.0,4,2,3.0,4.0,5,4,5.0,Allah'a şükür hiçbir sorunla karşılaşmadım.,Kendimi güvende hissetme ve tüm sosyal hizmetler ve sağlık sağladı.,Çocuklarıma eğitim hakkı tanınmıyor.,Dil bilmemek.,Bundan emin değilim.,Çocuklarımın okula gitmesini umuyorum.,İyi iş fırsatları var.,Daha sorumlu oldum.,Eğitim.,Annem ve babam.,Hiçbir fikrim yok.,Allah'tan yardım dileriz.,Yok.,Evet çok iyi.,Bilmiyorum.,Yok.,Türk arkadaşlar.,Bilmiyorum.,4.0,2.0,2.0,2.0,2.0,1.0,4.0,2.0,1.0,4.0
16,Erkek,15-30,5-10,4.0,Okula Gitmedim,Hayır,Bekar,Türkiye'de Kalmak,Avrupa Ülkesi,4,2,2,3,2.0,3.0,1.0,4,4.0,2.0,1.0,4.0,1,1,2.0,1.0,1,1,1.0,,Güven olduğu için.,Normal.,Bir sorun yok.,Hiçbir şey beklemiyorum.,,,,,,,,,,,,,,,,,,,,,,,
17,Erkek,15-30,5-10,3.0,Üniversite,Evet,Evli,Türkiye'de Kalmak,Avrupa Ülkesi,2,2,2,2,2.0,2.0,2.0,2,2.0,2.0,2.0,2.0,2,2,2.0,2.0,2,2,2.0,Her şey ırkçılık.,Güvende kalmak.,Yüksek fiyatlar ve zor yaşam.,Türk vatandaşlığı.,Bilinmeyen.,Bilmiyorum.,Bilmiyorum.,Gelecekten korkmak.,Birçok şey.,Türk vatandaşlığı.,Türk vatandaşlığı.,Çalışmak ve sabır.,Suriyeliye hakkını vermemek.,Yok.,Bilmiyorum.,Bilmiyorum.,Bilmiyorum.,Bilmiyorum.,2.0,2.0,2.0,2.0,2.0,2.0,2.0,2.0,2.0,2.0
18,Kadın,15-30,10+,,İlkokul,Hayır,Evli,Türkiye'de Kalmak,Avrupa Ülkesi,2,2,2,2,2.0,2.0,2.0,2,2.0,2.0,2.0,2.0,2,2,2.0,2.0,2,2,2.0,Zor bir hayat.,Güvenlik.,Irkçılık.,Bilmiyorum.,Bilmiyorum.,Bilmiyorum.,Bilmiyorum.,Gelecekten korkmak.,Birçok şey.,Türk vatandaşlığı.,Türk vatandaşlığı.,Çalışmak ve sabır.,Suriyeliye hakkını vermemek.,Yok.,Bilmiyorum.,Bilmiyorum.,Bilmiyorum.,Bilmiyorum.,2.0,2.0,2.0,2.0,2.0,2.0,,2.0,2.0,2.0
19,Kadın,10-15,,5.0,İlkokul,Hayır,Bekar,Türkiye'de Kalmak,Türkiye,4,4,4,4,1.0,4.0,1.0,3,3.0,3.0,4.0,2.0,3,3,4.0,3.0,4,3,3.0,,,,,,,,,,,,,,,,,,,4.0,2.0,2.0,1.0,3.0,3.0,4.0,3.0,1.0,1.0
20,Erkek,30-50,10+,4.0,İlkokul,Hayır,Evli,Türkiye'de Kalmak,Türkiye,3,4,4,1,3.0,1.0,3.0,3,4.0,,4.0,2.0,3,4,3.0,4.0,4,3,4.0,Ben böbrek yetmezliği hastasıyım. Çalışamıyorum.,Yok.,Durumum kötü.,Hastalığım.,Bilmiyorum.,Bilmiyorum.,Bilmiyorum.,Hastalığım.,Kendimi.,Kiram ve faturalarım.,Çalışamıyorum.,Hastalığım engel oldu.,,Hayır.,Evim ve çocuklarım.,İyileşmem.,Çocuklarım ve eşim.,Yok.,2.0,3.0,3.0,1.0,2.0,1.0,,3.0,,1.0
21,Kadın,10-15,10+,5.0,Lise,Hayır,Evli,Türkiye'de Kalmak,Türkiye,4,4,4,1,3.0,2.0,1.0,5,,4.0,4.0,3.0,3,3,2.0,4.0,4,4,3.0,Eşim böbrek hastası geçim çok zor.,,Geçimsizlikle baş edemiyorum.,,Bilemiyorum.,İsteklerimi alamıyorum.,Ben çalışamıyorum çocuklarım küçük.,Eşimin hastalığı.,Eşim.,"Kira, faturalarım evin ihtiyacı.","Geçinemiyorum üç çocukla, eşimin hastalğı.",Elimden hiçbir şey gelmiyor.,,Hayır.,Hayır.,Çocuklarımın ihtiyacı.,Çocuklarımın benimle olmaları.,Yok. ,4.0,3.0,3.0,1.0,2.0,3.0,3.0,3.0,3.0,1.0
22,Kadın,15-30,10+,4.0,İlkokul,Hayır,Bekar,Türkiye'de Kalmak,Türkiye,4,5,5,3,5.0,5.0,3.0,5,3.0,4.0,4.0,4.0,4,3,3.0,4.0,3,2,4.0,Yaşam masraflarını ve ihtiyaçlarını karşılamanın zorluğu.,Güvenlik sağlayın.,Yüksek fiyatlar ve kiralar.,Türkçe öğretmek.,İyi.,Irkçılık.,İyi.,Kentsel gelişim tesisleri.,Eğitim ve entegrasyon.,Öğrenmek.,Sorun yok.,Hiçbir şey.,Hiçbir ayrım yok.,Evet var.,Yok.,Suriye'ye zorunlu iade.,Hizmetler.,Gelenek ve görenekler.,3.0,2.0,5.0,3.0,4.0,4.0,2.0,3.0,5.0,5.0
23,Erkek,10-15,10+,3.0,,Hayır,Bekar,Türkiye'de Kalmak,Türkiye,5,5,5,4,,5.0,,5,,,,,5,5,4.0,3.0,3,5,,Hiç bilmiyorum.,,,,İyi.,İyi.,Çalışmıyorum.,Bilmiyorum.,Billmiyorum.,Okul.,Bilmem.,Bilmem.,Bilmiyorum.,Var.,Bilmiyorum.,Yok.,Bilmiyorum.,Bilmiyorum.,5.0,5.0,5.0,5.0,5.0,5.0,5.0,5.0,5.0,5.0
24,Kadın,15-30,10+,5.0,Lise,Hayır,Bekar,Türkiye'de Kalmak,Türkiye,5,5,5,4,2.0,5.0,2.0,5,4.0,3.0,5.0,3.0,4,5,3.0,4.0,3,2,3.0,Yaşam masraflarını ve ihtiyaçlarını karşılamanın zorluğu.,Güvenlik sağlayın.,Yüksek fiyatlar ve kiralar.,Türkçe öğretmek.,İyi.,Irkçılık.,İyi.,Kentsel gelişim tesisleri.,Eğitim ve entegrasyon.,,Sorun yok.,Hiçbir şey.,Hiçbir ayrım yok.,,Yok.,Suriye'ye zorunlu iade.,Hizmetler.,Gelenek ve görenekler.,3.0,2.0,4.0,4.0,4.0,3.0,2.0,3.0,5.0,5.0
25,Kadın,10-15,10+,3.0,İlkokul,Hayır,Bekar,Türkiye'de Kalmak,Türkiye,4,3,3,2,1.0,3.0,1.0,3,2.0,2.0,2.0,1.0,3,3,1.0,2.0,1,3,2.0,İstikrarsızlık.,Emniyet.,İstikrarsızlık.,Dil ve ayrımcılık.,Bilinmeyen.,Ayrımcılık.,Zor.,Türk toplumuna duyulan sevgi.,Türk toplumuyla entegrasyon.,İstikrar.,Haklarımızın garantisi yok.,Zor.,Irkçılık.,Evet. ,Dil.,Bizi koruyacak yasa yok.,Güvenlik ve huzur.,Kültür ve medeniyetten mahrumuz.,2.0,2.0,2.0,3.0,2.0,2.0,4.0,3.0,4.0,4.0
26,Kadın,30-50,10+,3.0,Lise,Hayır,Evli,Türkiye'de Kalmak,Türkiye,4,2,2,3,1.0,3.0,1.0,3,3.0,3.0,2.0,2.0,3,3,3.0,1.0,2,1,1.0,İstikrarsızlık ve yaşama zorluğu.,Emniyet.,İstikrarsızlık.,Dil ve ayrımcılık.,Bilinmeyen.,Ayrımcılık.,Zor ve maaş düşük.,Türk toplumuna duyulan sevgi.,Türk toplumuyla entegrasyon.,İstikrar.,Haklarımızın garantisi yok.,Zor.,Irkçılık.,Evet. ,Dil.,Bizi koruyacak yasa yok.,Güvenlik ve huzur.,Kültür ve medeniyetten mahrumuz.,2.0,2.0,2.0,3.0,2.0,2.0,4.0,3.0,4.0,4.0
27,Erkek,30-50,10+,4.0,Lise,Evet,Evli,Türkiye'de Kalmak,Türkiye,4,2,2,3,1.0,3.0,1.0,3,3.0,3.0,2.0,2.0,3,3,2.0,2.0,1,2,1.0,İstikrarsızlık ve yaşama zorluğu.,Emniyet.,İstikrarsızlık.,Dil ve ayrımcılık.,Bilinmeyen.,Ayrımcılık.,Zor ve maaş düşük.,Türk toplumuna duyulan sevgi.,Türk toplumuyla entegrasyon.,İstikrar.,Haklarımızın garantisi yok.,Zor.,Irkçılık.,Evet. ,Dil.,Bizi koruyacak yasa yok.,Güvenlik ve huzur.,Kültür ve medeniyetten mahrumuz.,2.0,2.0,2.0,3.0,2.0,2.0,4.0,3.0,4.0,4.0
28,Kadın,30-50,10+,3.0,Okula Gitmedim,Hayır,Bekar,Türkiye'de Kalmak,Türkiye,5,5,5,1,1.0,1.0,1.0,1,1.0,1.0,1.0,1.0,1,1,1.0,1.0,1,1,1.0,Davranışlar.,Yok.,Yardımlar.,,Orta.,Sağlık olsun ve okuma öğrensinler.,Çalışma yok.,Görmemezlik.,Bilmiyorum.,Fark etmez.,Davranışlar.,,Davranışlar.,Evet. ,Davranışlar.,Yok.,Yok.,Davranışlar.,1.0,1.0,1.0,5.0,1.0,1.0,1.0,1.0,1.0,1.0
29,Erkek,,2-5,2.0,,Evet,Dul,Türkiye'den Gitmek,Ortadoğu Ülkesi,2,3,2,2,2.0,3.0,4.0,2,1.0,2.0,3.0,3.0,2,2,2.0,,3,2,2.0,,İnsanlık.,,Güzel.,,Ülkenin güzel oluşu.,,İyiye gidiyor inşallah.,Vatandaş olmak istiyorum.,Geçim sıkıntısı.,Hiçbir şey.,,Evet.,İnsanların bağışları.,Ev sıkıntısı.,,"Güzel insanların olması, konuşmalarımız.",,3.0,2.0,2.0,4.0,2.0,2.0,2.0,3.0,4.0,2.0
30,Erkek,10-15,10+,5.0,İlkokul,Hayır,Bekar,Türkiye'de Kalmak,Türkiye,4,5,5,4,4.0,5.0,1.0,4,4.0,5.0,2.0,5.0,5,5,2.0,4.0,4,5,3.0,Ayrımcılık.,Daha korunaklı.,Umursamıyorum.,,"Güzel, temiz.",Okumalarını.,Gayet iyi iş bulunuyor.,Türkçe öğrenmem.,Ayrımcılık azalsın.,Para.,Yok.,Umursamıyorum.,Otobüsler.,Evet oldu.,Dillerini anlamıyorum derler.,Fazla serseri var.,,,3.0,4.0,3.0,2.0,1.0,1.0,2.0,3.0,5.0,1.0
31,Kadın,50+,10+,5.0,Lise,Evet,Evli,Türkiye'de Kalmak,Türkiye,5,4,5,5,5.0,5.0,3.0,3,3.0,4.0,2.0,4.0,5,4,2.0,4.0,2,5,4.0,Çok fazla ayrımcılık görüyoruz.,Suriye'den daha güvenli.,Dışlanıyoruz. Umursamıyorum.,,İyi.,Okumalarını.,,Çok iyi.,Okuduktan sonra burdan Suriye'ye yollamak.,Çok şeyler var.,,Takmıyorum.,"Otobüs, okul pazar.",Oldu.,Okuma yazma.,Ayrımcılık yapmaları.,Çok iyi insanlarla tanıştım.,Herkesi aynı zannediyorlar.,2.0,1.0,2.0,2.0,2.0,1.0,2.0,2.0,1.0,1.0
32,Kadın,50+,5-10,3.0,İlkokul,Hayır,Evli,Türkiye'de Kalmak,Türkiye,5,5,5,5,5.0,3.0,4.0,5,5.0,5.0,,5.0,5,5,4.0,5.0,5,5,5.0,Anlaşma.,,Hiçbir şey.,Dile ve konuşmayla.,Güzel görüyorum.,Güzel bir gelecek olacağını umuyorum.,Çalışanların maaşlarına zam gelsin.,Hiçbir şey değişmedi.,Maddi durumlar.,Yaşamanın geliştirilmesi.,Hiçbir şey.,Hiçbir şey.,,,Hiçbir zorluk yaşamadık.,,Genelde hepsi güzel.,Hiçbir şey.,2.0,1.0,1.0,1.0,1.0,3.0,1.0,5.0,5.0,1.0
33,Kadın,30-50,10+,3.0,İlkokul,Hayır,Evli,Türkiye'de Kalmak,Türkiye,5,5,5,5,5.0,5.0,3.0,4,5.0,5.0,5.0,,5,5,4.0,5.0,5,5,5.0,Yaşamanın zorluğu dışında hiçbir zorluk yok ,Çocukların eğitimi ve güvenliği.,Hiçbir şey.,Yalnızca dil zorluğu.,Güzel.,Umarım güzel bir geleceği olur.,Anlamadım.,Bir şey yok.,,Mali durumun iyileştirilmesi.,,Bir şey yok.,Görmediği ayrımcılık yok.,Evet onlarla ilişkilerim iyi.,Anlama zorluğu.,,Her şey güzel.,Hiçbir şey.,2.0,1.0,1.0,1.0,1.0,1.0,3.0,1.0,5.0,5.0
34,Kadın,10-15,5-10,5.0,Lise,Hayır,Bekar,Türkiye'den Gitmek,Avrupa Ülkesi,3,3,4,3,,4.0,3.0,3,3.0,4.0,3.0,3.0,4,3,3.0,2.0,3,3,2.0,,Güvenli bir devlet.,Ayrımcılık biraz fazla.,,Belli değil.,,,Türkiye'ye küçük yaşta geldiğim için değişiklik yok.,,Daha iyi yerleşmeye ihtiyacımız var.,,Önem verme.,,Hayır olmadı.,Dil bilmeyen zorluk çeken var.,Seçim günü olabilir.,,Suriye'de savaşın bittiğini sanıyorlar.,4.0,3.0,3.0,,,3.0,,3.0,3.0,4.0
35,Kadın,10-15,10+,5.0,Lise,Hayır,Bekar,Türkiye'de Kalmak,Türkiye,5,5,3,5,4.0,5.0,2.0,4,4.0,3.0,3.0,3.0,4,4,2.0,2.0,4,4,3.0,,Eğitim görme fırsatı bulabiliyoruz.,,,Öğretmen olduğumu görüyorum,"Umut olarak meslek sahibi olmaları, endişe ise üniversite paralarını ödeyebilmeleri.",,Eğitimime devam ediyorum.,,"Para, eğitim.",,Arkadaşlarımla dertleşiyorum.,Ortaokulda bir çocuk çok dışlıyordu. Liseye geçince dışlamayı bıraktı.,"Evet, oldu.",Bazı Suriyelilerin türkçe konuşamaması.,Ayrımcılık yapmaları.,"Yeni bir dil öğrendim, okumaya devam ediyorum.",,2.0,2.0,3.0,2.0,2.0,2.0,2.0,2.0,2.0,1.0
36,Kadın,10-15,5-10,5.0,Lise,Hayır,Bekar,Türkiye'de Kalmak,Avrupa Ülkesi,5,5,5,4,3.0,3.0,4.0,4,5.0,5.0,3.0,5.0,4,3,3.0,3.0,2,5,3.0,Zorluk yaşamıyorum.,Türkçeyi öğrenme.,Hiçbir şey.,Türkçe diliydi.,Bilmiyorum.,Bilmiyorum,Bilmiyorum.,Karakterim değişti.,Bilmiyorum.,Hiçbir şey.,Hiçbir sorunla karşılaşmıyorum.,,Okula ilk girdiğimde sorun vardı. Şimdi biraz sorun var.,Oldu.,Bilmiyorum.,Hiçbir şey.,Arkadaş kurma.,Bazen olumsuz şeyler olur. Bazen de olmaz.,3.0,2.0,3.0,,2.0,1.0,2.0,2.0,3.0,3.0
37,Kadın,30-50,10+,3.0,Okula Gitmedim,Hayır,Evli,Türkiye'de Kalmak,Türkiye,5,5,5,5,3.0,3.0,3.0,5,5.0,5.0,5.0,3.0,5,5,3.0,4.0,4,4,3.0,Dil.,Kimliğim başka şehirde. O problem.,Yok bir şey.,Yok bir şey.,İyiyim.,Oğlum okula gitmedi.,Yok bir şey.,Yok bir şey.,Bilmiyorum.,Eşimle birlikte İstanbul'da kalmak.,Yok bir şey.,Direniyorum.,Yok bir şey.,Yok.,Bilmiyorum.,Çok iyiyim.,Çok güzel.,,,,,,,,,,,
38,Kadın,10-15,10+,5.0,Lise,Hayır,Bekar,Türkiye'de Kalmak,Türkiye,3,4,3,4,4.0,5.0,1.0,4,4.0,3.0,3.0,3.0,3,4,3.0,3.0,3,3,3.0,Yok.,Eğitim.,Yok.,,Allah'ın izniyle güzel olacağını umuyorum.,,Çok iyi.,Zekam.,,İyi bir okulda okumak.,Yok.,Şu ana kadar hiçbir şey yaşamadım.,Irk.,Çok oldu.,,Yok.,İstanbul'u keşfetmekti.,,3.0,4.0,3.0,1.0,,3.0,4.0,4.0,3.0,3.0
39,Kadın,10-15,5-10,5.0,İlkokul,Hayır,Bekar,Türkiye'de Kalmak,Türkiye,5,5,4,5,4.0,5.0,3.0,5,4.0,4.0,3.0,1.0,4,5,3.0,3.0,5,5,4.0,Yok.,Eğitim alabilmek.,Sevdiklerimi görememek. Telefonla görüşüyoruz.,Trafik.,Mesleğime kavuşmuş.,Bilmiyorum. Düşünmedim.,Çok iyi denilemez ama iyi.,"Yeni yaşam, yeni ortam, yeni arkadaşlar ve sevgi.",Sosyalleşmeyi.,Pek şeye ihtiyaç duymuyorum.,Yok.,Gerekeni yapıyorum. Çözüm bulmaya çalışıyorum.,Belki sınıf içinde olabilir ama bende yok.,"Evet, kampanya kurdum. Sadece ben değilim ve bu beni mutlu etti.",Belki anlamıyorlardır.,Kendimi güvende hissediyorum.,İstediğim şeylere ulaşıyorum.,Pek bilmiyorum.,1.0,1.0,1.0,1.0,1.0,1.0,1.0,1.0,1.0,1.0
40,Erkek,10-15,5-10,5.0,Lise,Hayır,Bekar,Türkiye'de Kalmak,Avrupa Ülkesi,5,5,5,4,3.0,3.0,4.0,4,,3.0,3.0,5.0,4,3,3.0,3.0,2,5,3.0,Zorluk yaşamıyorum.,Türkçeyi öğrenme.,Hiçbir şey.,Türkçe diliydi.,Bilmiyorum.,Bilmiyorum.,,Karakterim değişti.,Bilmem.,Hiçbir şey.,Hiçbir sorunla karşılaşmıyorum.,,İlkokulda bazı sorunlar vardı şimdi yok.,Oldu.,Bilmiyorum.,Hiçbir şey.,Arkadaş kurma.,Bazen olumsuz şeyler olur. Bazen de olumlu.,3.0,2.0,3.0,,2.0,1.0,2.0,2.0,3.0,3.0
41,Kadın,30-50,5-10,3.0,İlkokul,Hayır,Bekar,Türkiye'de Kalmak,Türkiye,3,3,4,4,3.0,4.0,2.0,5,3.0,3.0,3.0,4.0,4,5,4.0,3.0,4,4,3.0,İşleri zar zor bulmamız.,İyi bir yerde yaşamamız. Hepimiz mutlu huzurluyuz.,Yok.,Anlamadım.,Çok iyi.,Moda tasarımcı olmak.,Bence iyidir ama iş bulmak zor.,Güvende bir yerde oturmuş olmam.,Hiçbir şey.,"Paraya, güvene ve işe ihtiyaç duyuyorum.",Yok.,Elimden geleni yaparım. Sabırlı ve güçlü olurum.,Suriyeliyim diye benimle oynamamaları veya konuşmamaları.,Onlar bana kötü davrandıklarında onlara saygı duymam.,"Fazla arkadaşları olmaması, onlarla dalga geçmeleri.",Yok.,Yok.,Bazı kişiler onlarla dalga geçtikleri için herkesin dalga geçeceğini düşünmeleri.,3.0,3.0,4.0,4.0,2.0,3.0,3.0,4.0,2.0,4.0
42,Kadın,10-15,5-10,5.0,İlkokul,Hayır,Bekar,Türkiye'de Kalmak,Türkiye,5,5,4,5,5.0,4.0,5.0,3,5.0,4.0,4.0,3.0,1,4,5.0,3.0,3,5,5.0,Yok. Çok mutluyum.,Eğitim ve her şey.,Sadece biraz sorun oluyor. O da bütün insanlardaki sorunlar.,Trafik fazla olabilir. Bundan dolayı da kavgaya sebep oluyor.,Büyük doktor olup insanlara yardım etmek.,Yok.,İyi. Daha iyi olabilir.,Yeni dil öğrenmek çok iyi başka dil bilmek çok güzel.,Birliğin ve samimiliğin.,Her şeye sahibim. Yeter ki sevgi ve saygıya sahip olayım.,Yok. Çok mutluyum.,Elimden geleni yapıyorum.,Hiçbir ayrımcılıkla karşılaşmıyoruz.,Evet. Sevgi ve saygı kazandım.,Belki anlaşamama olabilir. Ama ben anlaşıyorum.,Kendimi güvende hissediyorum. Güvensizlik hissetmiyorum.,Hayvanlara okulda yardım etmek için kampanya başlattım.,Pek bilmiyorum.,1.0,1.0,1.0,1.0,1.0,1.0,1.0,1.0,2.0,1.0
43,Kadın,10-15,5-10,4.0,İlkokul,Hayır,Bekar,Türkiye'de Kalmak,Türkiye,5,5,5,5,4.0,5.0,4.0,5,5.0,4.0,5.0,1.0,5,4,3.0,5.0,3,4,4.0,Trafik yoğunluğu.,Güvenli bir yaşam. Tehlike yok.,Yok.,Soruyu anlamadım.,"Eğitimimi tamamlamış, bir mesleğe sahip.",Yok.,Maaş yetersizliği.,Başka dil konuşabilmek.,Oy kullanma hakkı.,,,,Öyle bir şeyle karşılaşmadım.,Çok yardımsever ve misafirperver bir ülke.,Yok.,Şu an yaşım daha küçükö Öyle bir şeyle karşılaşmadım.,Yok.,Yok.,3.0,2.0,,5.0,4.0,2.0,4.0,4.0,4.0,4.0
44,Kadın,30-50,5-10,5.0,Lise,Hayır,Evli,Türkiye'de Kalmak,Türkiye,5,5,2,4,3.0,4.0,2.0,5,3.0,3.0,1.0,1.0,3,5,2.0,1.0,4,5,2.0,Hayat mücadelesi.,Güven,Ev ve barınma.,Yok.,Çok iyi inşallah.,Çocukları okutmak.,İyi.,,,Ev eşyası eksikleri.,Yok. ,Elimizden geleni.,Yok. ,Türkmenim.,Yok.,Yok.,Memnunum.,,2.0,1.0,3.0,1.0,2.0,1.0,4.0,3.0,1.0,5.0
45,Erkek,50+,5-10,5.0,Lise,Evet,Evli,Türkiye'de Kalmak,Türkiye,5,5,2,4,3.0,4.0,2.0,5,3.0,3.0,1.0,1.0,3,5,1.0,1.0,4,5,2.0,,Güven ve rahatlık.,Ev ve barınma.,Yok denecek kadar az.,İnşallah iyi olacak.,Çocukları okutmak.,İyi sayılır.,,,,,Uğraşıyoruz.,Yok. ,Türkmenim.,,,,,2.0,1.0,3.0,1.0,2.0,1.0,4.0,3.0,1.0,5.0
